expected,acc,given,rt,subj,folder,item,dependency
l,1,l,2559,1,10.3,18,adjacent
k,0,l,712,1,10.3,15,adjacent
k,0,l,111,1,10.3,10,non-adjacent
k,0,l,683,1,10.3,6,non-adjacent
l,1,l,899,1,10.3,16,adjacent
l,1,l,374,1,10.3,3,non-adjacent
l,1,l,760,1,10.3,5,non-adjacent
k,1,k,1819,1,10.3,19,adjacent
l,0,k,2849,1,10.3,1,non-adjacent
k,0,l,2887,1,10.3,13,adjacent
l,1,l,2163,1,10.3,7,non-adjacent
k,0,l,1428,1,10.3,11,adjacent
k,0,l,1568,1,10.3,4,non-adjacent
k,0,l,1250,1,10.3,8,non-adjacent
l,1,l,649,1,10.3,14,adjacent
k,0,l,1342,1,10.3,2,non-adjacent
l,1,l,954,1,10.3,9,non-adjacent
l,1,l,1110,1,10.3,20,adjacent
k,0,l,1419,1,10.3,17,adjacent
l,1,l,763,1,10.3,12,adjacent
l,0,k,432,11,10.3,12,adjacent
k,0,l,2072,11,10.3,6,non-adjacent
l,1,l,238,11,10.3,7,non-adjacent
k,0,l,1180,11,10.3,8,non-adjacent
l,1,l,959,11,10.3,5,non-adjacent
k,1,k,1038,11,10.3,2,non-adjacent
l,0,k,2085,11,10.3,18,adjacent
k,1,k,1266,11,10.3,11,adjacent
k,1,k,1592,11,10.3,19,adjacent
k,0,l,1528,11,10.3,4,non-adjacent
l,0,k,404,11,10.3,1,non-adjacent
l,1,l,893,11,10.3,14,adjacent
l,1,l,666,11,10.3,9,non-adjacent
k,1,k,649,11,10.3,15,adjacent
l,0,k,497,11,10.3,16,adjacent
l,1,l,895,11,10.3,20,adjacent
k,1,k,572,11,10.3,17,adjacent
l,0,k,534,11,10.3,3,non-adjacent
k,0,l,475,11,10.3,10,non-adjacent
k,1,k,1082,11,10.3,13,adjacent
k,0,l,342,13,10.3,4,non-adjacent
l,1,l,595,13,10.3,7,non-adjacent
k,0,l,445,13,10.3,10,non-adjacent
l,1,l,421,13,10.3,20,adjacent
k,0,l,374,13,10.3,11,adjacent
l,1,l,554,13,10.3,5,non-adjacent
k,0,l,606,13,10.3,17,adjacent
l,1,l,511,13,10.3,18,adjacent
k,0,l,853,13,10.3,6,non-adjacent
l,1,l,916,13,10.3,12,adjacent
k,0,l,416,13,10.3,2,non-adjacent
l,0,k,1128,13,10.3,14,adjacent
l,1,l,845,13,10.3,16,adjacent
l,1,l,919,13,10.3,9,non-adjacent
l,1,l,419,13,10.3,1,non-adjacent
k,0,l,1421,13,10.3,8,non-adjacent
k,0,l,302,13,10.3,15,adjacent
l,0,k,476,13,10.3,3,non-adjacent
k,0,l,723,13,10.3,13,adjacent
k,0,l,703,13,10.3,19,adjacent
k,1,k,15273,15,10.3,13,adjacent
l,1,l,4259,15,10.3,18,adjacent
k,0,l,535,15,10.3,19,adjacent
l,0,k,284,15,10.3,5,non-adjacent
l,1,l,2882,15,10.3,12,adjacent
l,0,k,311,15,10.3,1,non-adjacent
l,1,l,1883,15,10.3,3,non-adjacent
k,1,k,280,15,10.3,4,non-adjacent
l,0,k,911,15,10.3,7,non-adjacent
k,1,k,260,15,10.3,10,non-adjacent
l,1,l,243,15,10.3,14,adjacent
l,0,k,1219,15,10.3,9,non-adjacent
k,1,k,253,15,10.3,8,non-adjacent
l,1,l,204,15,10.3,16,adjacent
k,0,l,4031,15,10.3,15,adjacent
l,0,k,243,15,10.3,20,adjacent
k,0,l,1036,15,10.3,2,non-adjacent
k,1,k,770,15,10.3,6,non-adjacent
k,1,k,845,15,10.3,11,adjacent
k,1,k,3124,15,10.3,17,adjacent
l,0,k,1318,17,10.3,3,non-adjacent
l,1,l,423,17,10.3,5,non-adjacent
l,1,l,413,17,10.3,12,adjacent
k,0,l,700,17,10.3,4,non-adjacent
k,1,k,2608,17,10.3,15,adjacent
l,0,k,493,17,10.3,20,adjacent
k,0,l,431,17,10.3,13,adjacent
l,0,k,478,17,10.3,16,adjacent
l,1,l,1282,17,10.3,1,non-adjacent
l,0,k,861,17,10.3,9,non-adjacent
k,1,k,338,17,10.3,19,adjacent
l,0,k,467,17,10.3,14,adjacent
k,0,l,552,17,10.3,2,non-adjacent
l,0,k,546,17,10.3,18,adjacent
k,0,l,924,17,10.3,8,non-adjacent
k,1,k,605,17,10.3,11,adjacent
l,1,l,444,17,10.3,7,non-adjacent
k,1,k,497,17,10.3,10,non-adjacent
k,0,l,300,17,10.3,17,adjacent
k,1,k,448,17,10.3,6,non-adjacent
l,1,l,341,19,10.3,18,adjacent
l,0,k,1817,19,10.3,9,non-adjacent
l,0,k,232,19,10.3,5,non-adjacent
l,0,k,648,19,10.3,14,adjacent
k,1,k,327,19,10.3,15,adjacent
k,0,l,1380,19,10.3,4,non-adjacent
k,0,l,2173,19,10.3,6,non-adjacent
k,1,k,620,19,10.3,10,non-adjacent
k,1,k,540,19,10.3,19,adjacent
k,1,k,504,19,10.3,2,non-adjacent
l,1,l,214,19,10.3,7,non-adjacent
l,0,k,247,19,10.3,16,adjacent
k,1,k,911,19,10.3,13,adjacent
l,1,l,2220,19,10.3,20,adjacent
l,0,k,1915,19,10.3,12,adjacent
k,1,k,1062,19,10.3,17,adjacent
l,1,l,709,19,10.3,1,non-adjacent
l,1,l,787,19,10.3,3,non-adjacent
k,1,k,541,19,10.3,8,non-adjacent
k,1,k,224,19,10.3,11,adjacent
l,1,l,6833,21,10.3,5,non-adjacent
l,1,l,2108,21,10.3,16,adjacent
k,0,l,3974,21,10.3,10,non-adjacent
l,1,l,2053,21,10.3,12,adjacent
k,0,l,2411,21,10.3,13,adjacent
l,1,l,779,21,10.3,18,adjacent
k,0,l,709,21,10.3,17,adjacent
k,0,l,2697,21,10.3,2,non-adjacent
k,0,l,1092,21,10.3,8,non-adjacent
l,1,l,1169,21,10.3,7,non-adjacent
k,0,l,1219,21,10.3,15,adjacent
k,0,l,2235,21,10.3,11,adjacent
l,1,l,9162,21,10.3,3,non-adjacent
l,1,l,734,21,10.3,9,non-adjacent
l,1,l,1145,21,10.3,1,non-adjacent
l,1,l,828,21,10.3,20,adjacent
k,0,l,764,21,10.3,4,non-adjacent
k,0,l,14318,21,10.3,19,adjacent
k,0,l,12734,21,10.3,6,non-adjacent
l,1,l,935,21,10.3,14,adjacent
l,1,l,6550,23,10.3,3,non-adjacent
k,1,k,2329,23,10.3,11,adjacent
l,0,k,16625,23,10.3,5,non-adjacent
k,1,k,878,23,10.3,10,non-adjacent
l,1,l,104,23,10.3,18,adjacent
k,1,k,863,23,10.3,6,non-adjacent
l,1,l,202,23,10.3,20,adjacent
l,1,l,1091,23,10.3,14,adjacent
k,1,k,2294,23,10.3,19,adjacent
l,1,l,3450,23,10.3,1,non-adjacent
l,0,k,1018,23,10.3,9,non-adjacent
k,1,k,565,23,10.3,15,adjacent
l,0,k,578,23,10.3,16,adjacent
l,0,k,756,23,10.3,7,non-adjacent
k,1,k,2207,23,10.3,17,adjacent
k,1,k,442,23,10.3,8,non-adjacent
l,1,l,517,23,10.3,12,adjacent
k,0,l,592,23,10.3,4,non-adjacent
k,1,k,1896,23,10.3,2,non-adjacent
k,1,k,582,23,10.3,13,adjacent
k,0,l,3426,25,10.3,19,adjacent
l,1,l,1033,25,10.3,3,non-adjacent
k,0,l,6025,25,10.3,6,non-adjacent
k,0,l,2059,25,10.3,4,non-adjacent
l,1,l,2102,25,10.3,18,adjacent
k,1,k,5023,25,10.3,8,non-adjacent
k,1,k,2328,25,10.3,11,adjacent
l,1,l,306,25,10.3,20,adjacent
l,1,l,2372,25,10.3,12,adjacent
l,1,l,1786,25,10.3,1,non-adjacent
k,0,l,2304,25,10.3,15,adjacent
k,0,l,778,25,10.3,2,non-adjacent
k,1,k,932,25,10.3,13,adjacent
k,0,l,866,25,10.3,17,adjacent
l,1,l,1021,25,10.3,16,adjacent
k,0,l,691,25,10.3,10,non-adjacent
l,1,l,2693,25,10.3,7,non-adjacent
l,1,l,1877,25,10.3,9,non-adjacent
l,1,l,1794,25,10.3,5,non-adjacent
l,1,l,1758,25,10.3,14,adjacent
l,1,l,666,27,10.3,12,adjacent
k,1,k,382,27,10.3,15,adjacent
k,1,k,428,27,10.3,4,non-adjacent
k,0,l,434,27,10.3,17,adjacent
k,1,k,567,27,10.3,6,non-adjacent
k,0,l,846,27,10.3,2,non-adjacent
l,0,k,823,27,10.3,5,non-adjacent
k,0,l,460,27,10.3,8,non-adjacent
l,0,k,1154,27,10.3,18,adjacent
k,0,l,443,27,10.3,10,non-adjacent
l,0,k,519,27,10.3,16,adjacent
l,0,k,433,27,10.3,14,adjacent
l,0,k,792,27,10.3,9,non-adjacent
k,0,l,575,27,10.3,13,adjacent
k,0,l,532,27,10.3,19,adjacent
k,1,k,1413,27,10.3,11,adjacent
l,0,k,683,27,10.3,7,non-adjacent
l,1,l,589,27,10.3,3,non-adjacent
l,0,k,357,27,10.3,1,non-adjacent
l,0,k,7412,27,10.3,20,adjacent
l,1,l,1500,29,10.3,18,adjacent
k,0,l,877,29,10.3,2,non-adjacent
k,0,l,376,29,10.3,8,non-adjacent
l,0,k,809,29,10.3,7,non-adjacent
l,1,l,359,29,10.3,5,non-adjacent
k,0,l,350,29,10.3,11,adjacent
l,0,k,161,29,10.3,12,adjacent
k,1,k,249,29,10.3,17,adjacent
l,1,l,391,29,10.3,14,adjacent
l,0,k,613,29,10.3,9,non-adjacent
l,0,k,420,29,10.3,20,adjacent
l,1,l,697,29,10.3,16,adjacent
k,1,k,317,29,10.3,19,adjacent
l,0,k,255,29,10.3,3,non-adjacent
k,0,l,419,29,10.3,10,non-adjacent
l,1,l,537,29,10.3,1,non-adjacent
k,0,l,217,29,10.3,15,adjacent
k,1,k,297,29,10.3,6,non-adjacent
k,1,k,435,29,10.3,13,adjacent
k,1,k,376,29,10.3,4,non-adjacent
l,0,K,3581,3,10.3,9,non-adjacent
k,1,K,479,3,10.3,19,adjacent
l,1,L,1718,3,10.3,16,adjacent
k,1,K,769,3,10.3,10,non-adjacent
l,0,K,788,3,10.3,3,non-adjacent
k,0,L,2786,3,10.3,6,non-adjacent
k,0,L,10,3,10.3,13,adjacent
l,1,L,697,3,10.3,12,adjacent
k,0,L,242,3,10.3,17,adjacent
l,0,K,182,3,10.3,5,non-adjacent
l,0,K,365,3,10.3,1,non-adjacent
k,0,L,3163,3,10.3,11,adjacent
l,1,L,442,3,10.3,20,adjacent
l,0,K,27,3,10.3,7,non-adjacent
k,0,L,284,3,10.3,8,non-adjacent
k,1,K,51,3,10.3,2,non-adjacent
l,1,L,2009,3,10.3,14,adjacent
k,0,L,112,3,10.3,15,adjacent
k,1,K,919,3,10.3,4,non-adjacent
l,1,L,938,3,10.3,18,adjacent
k,1,k,3310,31,10.3,19,adjacent
l,1,l,1278,31,10.3,5,non-adjacent
l,0,k,1413,31,10.3,16,adjacent
k,0,l,14150,31,10.3,6,non-adjacent
l,0,k,1182,31,10.3,3,non-adjacent
k,0,l,2625,31,10.3,10,non-adjacent
k,1,k,1249,31,10.3,2,non-adjacent
l,1,l,1337,31,10.3,14,adjacent
l,0,k,1982,31,10.3,18,adjacent
k,1,k,1346,31,10.3,13,adjacent
l,0,k,1452,31,10.3,7,non-adjacent
k,1,k,1396,31,10.3,8,non-adjacent
k,1,k,1190,31,10.3,15,adjacent
l,1,l,1162,31,10.3,9,non-adjacent
l,1,l,1013,31,10.3,1,non-adjacent
l,0,k,559,31,10.3,20,adjacent
k,1,k,885,31,10.3,4,non-adjacent
l,1,l,788,31,10.3,12,adjacent
k,1,k,4143,31,10.3,17,adjacent
k,0,l,3305,31,10.3,11,adjacent
l,0,k,3722,33,10.3,20,adjacent
k,1,k,1429,33,10.3,4,non-adjacent
k,1,k,829,33,10.3,17,adjacent
l,0,k,653,33,10.3,14,adjacent
k,1,k,886,33,10.3,10,non-adjacent
k,0,l,33157,33,10.3,15,adjacent
l,1,l,8352,33,10.3,5,non-adjacent
l,0,k,757,33,10.3,7,non-adjacent
l,0,k,1592,33,10.3,16,adjacent
l,1,l,627,33,10.3,9,non-adjacent
k,0,l,1190,33,10.3,19,adjacent
l,0,k,379,33,10.3,3,non-adjacent
k,0,l,951,33,10.3,8,non-adjacent
l,0,k,451,33,10.3,1,non-adjacent
k,0,l,2453,33,10.3,13,adjacent
k,1,k,548,33,10.3,2,non-adjacent
k,1,k,1001,33,10.3,6,non-adjacent
l,1,l,699,33,10.3,12,adjacent
k,1,k,531,33,10.3,11,adjacent
l,1,l,426,33,10.3,18,adjacent
l,0,k,3140,35,10.3,9,non-adjacent
l,1,l,775,35,10.3,7,non-adjacent
k,1,k,1122,35,10.3,19,adjacent
k,0,l,2279,35,10.3,2,non-adjacent
l,0,k,4309,35,10.3,5,non-adjacent
k,1,k,807,35,10.3,4,non-adjacent
l,0,k,642,35,10.3,18,adjacent
l,1,l,849,35,10.3,1,non-adjacent
l,1,l,1202,35,10.3,20,adjacent
l,0,k,1042,35,10.3,16,adjacent
l,1,l,3668,35,10.3,12,adjacent
k,1,k,1041,35,10.3,15,adjacent
k,1,k,937,35,10.3,17,adjacent
l,1,l,1094,35,10.3,3,non-adjacent
k,0,l,2252,35,10.3,8,non-adjacent
l,0,k,2163,35,10.3,14,adjacent
k,1,k,2454,35,10.3,10,non-adjacent
k,1,k,3628,35,10.3,11,adjacent
k,1,k,898,35,10.3,6,non-adjacent
k,1,k,576,35,10.3,13,adjacent
k,1,k,9956,37,10.3,2,non-adjacent
k,0,l,1472,37,10.3,13,adjacent
k,1,k,5079,37,10.3,8,non-adjacent
l,1,l,1131,37,10.3,9,non-adjacent
l,0,k,1113,37,10.3,14,adjacent
k,1,k,1591,37,10.3,10,non-adjacent
k,1,k,760,37,10.3,19,adjacent
k,0,l,157,37,10.3,6,non-adjacent
l,1,l,2073,37,10.3,1,non-adjacent
k,1,k,1400,37,10.3,11,adjacent
k,1,k,531,37,10.3,4,non-adjacent
k,0,l,504,37,10.3,15,adjacent
l,0,k,247,37,10.3,18,adjacent
l,0,k,232,37,10.3,16,adjacent
l,1,l,681,37,10.3,7,non-adjacent
l,0,k,1709,37,10.3,12,adjacent
l,0,k,2898,37,10.3,5,non-adjacent
k,0,l,88,37,10.3,17,adjacent
l,0,k,1952,37,10.3,20,adjacent
l,1,l,4572,37,10.3,3,non-adjacent
l,1,l,4509,39,10.3,9,non-adjacent
k,0,l,4822,39,10.3,15,adjacent
l,1,l,1150,39,10.3,18,adjacent
k,1,k,264,39,10.3,19,adjacent
l,0,k,566,39,10.3,7,non-adjacent
k,0,l,673,39,10.3,2,non-adjacent
l,0,k,387,39,10.3,16,adjacent
l,0,k,278,39,10.3,12,adjacent
k,0,l,235,39,10.3,13,adjacent
l,1,l,186,39,10.3,14,adjacent
l,0,k,456,39,10.3,5,non-adjacent
k,1,k,217,39,10.3,17,adjacent
l,0,k,154,39,10.3,20,adjacent
k,0,l,149,39,10.3,4,non-adjacent
l,1,l,213,39,10.3,3,non-adjacent
l,0,k,254,39,10.3,1,non-adjacent
k,1,k,53,39,10.3,10,non-adjacent
k,0,l,550,39,10.3,6,non-adjacent
k,1,k,99,39,10.3,11,adjacent
k,1,k,113,39,10.3,8,non-adjacent
k,1,k,1972,41,10.3,10,non-adjacent
k,0,l,1028,41,10.3,19,adjacent
l,0,k,1677,41,10.3,20,adjacent
k,1,k,440,41,10.3,11,adjacent
l,0,k,449,41,10.3,16,adjacent
l,1,l,1302,41,10.3,12,adjacent
k,1,k,875,41,10.3,17,adjacent
k,0,l,1954,41,10.3,2,non-adjacent
l,1,l,725,41,10.3,9,non-adjacent
l,0,k,5,41,10.3,14,adjacent
k,1,k,91,41,10.3,6,non-adjacent
l,0,k,722,41,10.3,18,adjacent
k,1,k,463,41,10.3,4,non-adjacent
l,0,k,415,41,10.3,3,non-adjacent
k,0,l,776,41,10.3,15,adjacent
l,1,l,2524,41,10.3,7,non-adjacent
k,1,k,1975,41,10.3,8,non-adjacent
l,0,k,358,41,10.3,5,non-adjacent
k,1,k,1154,41,10.3,13,adjacent
l,1,l,2014,41,10.3,1,non-adjacent
l,1,l,1423,43,10.3,7,non-adjacent
l,0,k,442,43,10.3,3,non-adjacent
k,1,k,410,43,10.3,13,adjacent
l,0,k,594,43,10.3,14,adjacent
k,1,k,572,43,10.3,8,non-adjacent
l,1,l,471,43,10.3,9,non-adjacent
k,0,l,398,43,10.3,2,non-adjacent
k,1,k,328,43,10.3,6,non-adjacent
k,0,l,344,43,10.3,15,adjacent
l,0,k,581,43,10.3,20,adjacent
k,1,k,310,43,10.3,10,non-adjacent
l,1,l,380,43,10.3,5,non-adjacent
k,0,l,367,43,10.3,11,adjacent
l,1,l,466,43,10.3,1,non-adjacent
l,0,k,273,43,10.3,16,adjacent
k,1,k,352,43,10.3,4,non-adjacent
l,0,k,242,43,10.3,12,adjacent
k,0,l,642,43,10.3,19,adjacent
k,0,l,313,43,10.3,17,adjacent
l,0,k,230,43,10.3,18,adjacent
l,0,k,15280,45,10.3,3,non-adjacent
l,1,l,2365,45,10.3,14,adjacent
k,1,k,9556,45,10.3,15,adjacent
l,1,l,1158,45,10.3,18,adjacent
k,0,l,411,45,10.3,4,non-adjacent
k,1,k,1489,45,10.3,10,non-adjacent
k,0,l,1410,45,10.3,19,adjacent
l,1,l,1736,45,10.3,12,adjacent
k,1,k,1610,45,10.3,8,non-adjacent
l,0,k,889,45,10.3,5,non-adjacent
l,0,k,1566,45,10.3,16,adjacent
k,0,l,2118,45,10.3,2,non-adjacent
k,0,l,1386,45,10.3,17,adjacent
l,0,k,489,45,10.3,20,adjacent
k,0,l,1774,45,10.3,6,non-adjacent
l,0,k,1128,45,10.3,1,non-adjacent
k,1,k,1743,45,10.3,11,adjacent
k,0,l,1430,45,10.3,13,adjacent
l,1,l,1453,45,10.3,9,non-adjacent
l,0,k,981,45,10.3,7,non-adjacent
k,0,l,15093,47,10.3,17,adjacent
l,1,l,542,47,10.3,9,non-adjacent
l,0,k,2978,47,10.3,7,non-adjacent
l,0,k,1184,47,10.3,5,non-adjacent
k,0,l,5424,47,10.3,19,adjacent
k,0,l,612,47,10.3,6,non-adjacent
l,1,l,2197,47,10.3,18,adjacent
k,0,l,1076,47,10.3,4,non-adjacent
l,0,k,1002,47,10.3,20,adjacent
l,0,k,1132,47,10.3,14,adjacent
k,1,k,421,47,10.3,2,non-adjacent
l,1,l,3024,47,10.3,16,adjacent
k,1,k,422,47,10.3,11,adjacent
k,1,k,2304,47,10.3,10,non-adjacent
l,1,l,2259,47,10.3,1,non-adjacent
k,1,k,488,47,10.3,13,adjacent
l,0,k,1885,47,10.3,12,adjacent
k,1,k,419,47,10.3,8,non-adjacent
k,1,k,443,47,10.3,15,adjacent
l,0,k,457,47,10.3,3,non-adjacent
l,0,k,4041,49,10.3,9,non-adjacent
k,1,k,1701,49,10.3,15,adjacent
k,0,l,634,49,10.3,17,adjacent
l,0,k,705,49,10.3,5,non-adjacent
k,0,l,1254,49,10.3,13,adjacent
l,1,l,413,49,10.3,16,adjacent
k,1,k,791,49,10.3,2,non-adjacent
k,1,k,1224,49,10.3,19,adjacent
k,1,k,505,49,10.3,10,non-adjacent
k,0,l,702,49,10.3,11,adjacent
l,0,k,683,49,10.3,18,adjacent
k,0,l,881,49,10.3,6,non-adjacent
l,0,k,272,49,10.3,12,adjacent
l,1,l,1439,49,10.3,20,adjacent
k,0,l,502,49,10.3,4,non-adjacent
k,1,k,786,49,10.3,8,non-adjacent
l,0,k,3077,49,10.3,1,non-adjacent
l,0,k,512,49,10.3,14,adjacent
l,0,k,326,49,10.3,7,non-adjacent
l,1,l,378,49,10.3,3,non-adjacent
l,0,k,57,5,10.3,18,adjacent
k,0,l,751,5,10.3,2,non-adjacent
k,1,k,178,5,10.3,19,adjacent
l,0,k,524,5,10.3,1,non-adjacent
k,0,l,660,5,10.3,15,adjacent
k,0,l,1422,5,10.3,10,non-adjacent
k,1,k,35,5,10.3,6,non-adjacent
l,1,l,541,5,10.3,5,non-adjacent
k,1,k,323,5,10.3,4,non-adjacent
l,1,l,1003,5,10.3,16,adjacent
k,1,k,100,5,10.3,8,non-adjacent
k,1,k,106,5,10.3,11,adjacent
l,1,l,399,5,10.3,7,non-adjacent
k,1,k,1147,5,10.3,17,adjacent
l,1,l,265,5,10.3,12,adjacent
l,1,l,850,5,10.3,9,non-adjacent
l,0,k,65,5,10.3,14,adjacent
l,0,k,595,5,10.3,20,adjacent
l,0,k,98,5,10.3,3,non-adjacent
k,0,l,248,5,10.3,13,adjacent
k,1,k,510,7,10.3,11,adjacent
l,0,k,2642,7,10.3,1,non-adjacent
k,0,l,507,7,10.3,6,non-adjacent
l,0,k,1750,7,10.3,5,non-adjacent
k,0,l,1544,7,10.3,4,non-adjacent
l,1,l,434,7,10.3,12,adjacent
l,0,k,270,7,10.3,18,adjacent
l,1,l,560,7,10.3,20,adjacent
l,0,k,1804,7,10.3,9,non-adjacent
k,0,l,493,7,10.3,8,non-adjacent
k,1,k,320,7,10.3,15,adjacent
k,1,k,583,7,10.3,19,adjacent
k,1,k,2070,7,10.3,2,non-adjacent
k,1,k,592,7,10.3,17,adjacent
l,0,k,1209,7,10.3,7,non-adjacent
k,0,l,311,7,10.3,10,non-adjacent
l,0,k,527,7,10.3,14,adjacent
l,1,l,478,7,10.3,3,non-adjacent
l,0,k,350,7,10.3,16,adjacent
k,1,k,692,7,10.3,13,adjacent
k,0,l,6394,9,10.3,4,non-adjacent
l,0,k,1286,9,10.3,1,non-adjacent
k,0,l,1211,9,10.3,15,adjacent
k,0,l,37,9,10.3,8,non-adjacent
l,0,k,965,9,10.3,7,non-adjacent
l,1,l,3119,9,10.3,9,non-adjacent
l,0,k,354,9,10.3,5,non-adjacent
l,1,l,508,9,10.3,12,adjacent
l,1,l,2369,9,10.3,18,adjacent
l,0,k,1002,9,10.3,16,adjacent
l,0,k,347,9,10.3,3,non-adjacent
k,0,l,430,9,10.3,13,adjacent
l,0,k,478,9,10.3,20,adjacent
k,0,l,836,9,10.3,19,adjacent
k,1,k,436,9,10.3,6,non-adjacent
k,1,k,683,9,10.3,10,non-adjacent
k,0,l,520,9,10.3,2,non-adjacent
l,0,k,324,9,10.3,14,adjacent
k,1,k,273,9,10.3,17,adjacent
k,0,l,352,9,10.3,11,adjacent
l,1,l,1835,10,10.7,8,non-adjacent
l,1,l,558,10,10.7,17,adjacent
k,0,l,616,10,10.7,3,non-adjacent
k,0,l,869,10,10.7,1,non-adjacent
k,1,k,505,10,10.7,18,adjacent
k,0,l,508,10,10.7,16,adjacent
l,1,l,510,10,10.7,6,non-adjacent
l,0,k,655,10,10.7,11,adjacent
l,1,l,236,10,10.7,13,adjacent
l,1,l,763,10,10.7,19,adjacent
l,1,l,887,10,10.7,2,non-adjacent
l,0,k,275,10,10.7,10,non-adjacent
k,0,l,649,10,10.7,5,non-adjacent
k,1,k,1511,10,10.7,12,adjacent
l,1,l,169,10,10.7,15,adjacent
k,0,l,260,10,10.7,20,adjacent
l,0,k,1594,10,10.7,4,non-adjacent
k,0,l,377,10,10.7,7,non-adjacent
k,0,l,545,10,10.7,14,adjacent
k,0,l,923,10,10.7,9,non-adjacent
l,1,l,2684,12,10.7,19,adjacent
l,0,k,1456,12,10.7,15,adjacent
k,0,l,966,12,10.7,16,adjacent
k,0,l,817,12,10.7,1,non-adjacent
k,1,k,1522,12,10.7,5,non-adjacent
l,1,l,789,12,10.7,6,non-adjacent
k,1,k,655,12,10.7,18,adjacent
l,1,l,581,12,10.7,4,non-adjacent
k,1,k,1983,12,10.7,14,adjacent
l,1,l,568,12,10.7,2,non-adjacent
k,1,k,475,12,10.7,3,non-adjacent
l,0,k,826,12,10.7,10,non-adjacent
k,1,k,1210,12,10.7,7,non-adjacent
l,1,l,5289,12,10.7,17,adjacent
k,1,k,388,12,10.7,9,non-adjacent
l,0,k,1557,12,10.7,8,non-adjacent
l,1,l,751,12,10.7,11,adjacent
l,0,k,691,12,10.7,13,adjacent
k,1,k,736,12,10.7,20,adjacent
k,0,l,1269,12,10.7,12,adjacent
k,0,l,3687,14,10.7,1,non-adjacent
l,1,l,1051,14,10.7,4,non-adjacent
k,0,l,426,14,10.7,16,adjacent
k,0,l,730,14,10.7,18,adjacent
l,1,l,1471,14,10.7,17,adjacent
k,1,k,406,14,10.7,7,non-adjacent
l,0,k,271,14,10.7,8,non-adjacent
l,1,l,1630,14,10.7,15,adjacent
l,1,l,358,14,10.7,11,adjacent
k,1,k,369,14,10.7,3,non-adjacent
k,1,k,252,14,10.7,12,adjacent
l,1,l,259,14,10.7,19,adjacent
k,1,k,338,14,10.7,14,adjacent
l,0,k,246,14,10.7,6,non-adjacent
k,0,l,622,14,10.7,5,non-adjacent
l,0,k,341,14,10.7,2,non-adjacent
k,1,k,297,14,10.7,20,adjacent
l,0,k,326,14,10.7,13,adjacent
l,1,l,451,14,10.7,10,non-adjacent
k,1,k,467,14,10.7,9,non-adjacent
l,0,k,1425,16,10.7,4,non-adjacent
k,0,l,792,16,10.7,18,adjacent
k,1,k,585,16,10.7,16,adjacent
l,1,l,348,16,10.7,2,non-adjacent
l,0,k,384,16,10.7,13,adjacent
k,1,k,249,16,10.7,9,non-adjacent
k,0,l,425,16,10.7,20,adjacent
l,1,l,1113,16,10.7,15,adjacent
k,1,k,197,16,10.7,12,adjacent
l,0,k,2112,16,10.7,17,adjacent
k,0,l,1236,16,10.7,14,adjacent
k,1,k,243,16,10.7,3,non-adjacent
l,0,k,131,16,10.7,19,adjacent
k,0,l,264,16,10.7,7,non-adjacent
l,0,k,198,16,10.7,10,non-adjacent
k,0,l,1024,16,10.7,1,non-adjacent
l,1,l,345,16,10.7,8,non-adjacent
l,1,l,284,16,10.7,11,adjacent
k,1,k,656,16,10.7,5,non-adjacent
l,1,l,224,16,10.7,6,non-adjacent
k,1,k,10133,18,10.7,12,adjacent
k,0,l,4280,18,10.7,3,non-adjacent
l,1,l,860,18,10.7,17,adjacent
k,1,k,2915,18,10.7,5,non-adjacent
k,1,k,581,18,10.7,14,adjacent
k,0,l,1447,18,10.7,18,adjacent
l,0,k,46,18,10.7,11,adjacent
l,1,l,2054,18,10.7,8,non-adjacent
k,1,k,292,18,10.7,9,non-adjacent
k,0,l,714,18,10.7,1,non-adjacent
l,1,l,566,18,10.7,6,non-adjacent
k,1,k,448,18,10.7,7,non-adjacent
l,0,k,16,18,10.7,15,adjacent
l,1,l,497,18,10.7,19,adjacent
l,1,l,1118,18,10.7,4,non-adjacent
k,1,k,459,18,10.7,20,adjacent
l,0,k,1617,18,10.7,13,adjacent
l,0,k,49,18,10.7,2,non-adjacent
l,1,l,5009,18,10.7,10,non-adjacent
k,1,k,518,18,10.7,16,adjacent
k,1,k,17159,2,10.7,5,non-adjacent
l,1,l,2212,2,10.7,4,non-adjacent
l,1,l,909,2,10.7,8,non-adjacent
k,1,k,78,2,10.7,3,non-adjacent
l,0,k,238,2,10.7,19,adjacent
l,0,k,303,2,10.7,17,adjacent
l,0,k,244,2,10.7,13,adjacent
l,0,k,241,2,10.7,6,non-adjacent
k,1,k,299,2,10.7,1,non-adjacent
k,0,l,31,2,10.7,9,non-adjacent
k,1,k,99,2,10.7,20,adjacent
k,1,k,90,2,10.7,16,adjacent
k,1,k,239,2,10.7,12,adjacent
l,1,l,393,2,10.7,10,non-adjacent
k,0,l,1386,2,10.7,7,non-adjacent
l,1,l,499,2,10.7,15,adjacent
k,1,k,189,2,10.7,14,adjacent
l,0,k,593,2,10.7,11,adjacent
k,1,k,212,2,10.7,18,adjacent
l,1,l,378,2,10.7,2,non-adjacent
k,0,l,1678,20,10.7,14,adjacent
k,1,k,945,20,10.7,16,adjacent
l,0,k,1196,20,10.7,13,adjacent
l,1,l,516,20,10.7,6,non-adjacent
l,0,k,553,20,10.7,11,adjacent
l,0,k,540,20,10.7,2,non-adjacent
l,0,k,662,20,10.7,8,non-adjacent
k,1,k,228,20,10.7,5,non-adjacent
l,0,k,740,20,10.7,4,non-adjacent
l,0,k,308,20,10.7,10,non-adjacent
l,1,l,375,20,10.7,19,adjacent
k,0,l,462,20,10.7,20,adjacent
l,0,k,2227,20,10.7,17,adjacent
l,0,k,376,20,10.7,15,adjacent
k,0,l,1312,20,10.7,18,adjacent
k,1,k,4755,20,10.7,7,non-adjacent
k,1,k,1225,20,10.7,9,non-adjacent
k,0,l,1281,20,10.7,3,non-adjacent
k,1,k,773,20,10.7,12,adjacent
k,1,k,142,20,10.7,1,non-adjacent
k,0,l,4811,22,10.7,1,non-adjacent
k,1,k,1831,22,10.7,14,adjacent
l,0,k,2757,22,10.7,13,adjacent
k,0,l,383,22,10.7,12,adjacent
k,0,l,1722,22,10.7,3,non-adjacent
l,0,k,591,22,10.7,17,adjacent
l,1,l,1463,22,10.7,4,non-adjacent
l,0,k,1812,22,10.7,19,adjacent
l,1,l,3357,22,10.7,11,adjacent
l,0,k,438,22,10.7,6,non-adjacent
k,0,l,1319,22,10.7,16,adjacent
k,0,l,586,22,10.7,18,adjacent
l,0,k,820,22,10.7,15,adjacent
k,0,l,470,22,10.7,9,non-adjacent
k,1,k,365,22,10.7,7,non-adjacent
l,0,k,976,22,10.7,8,non-adjacent
l,0,k,570,22,10.7,10,non-adjacent
k,0,l,669,22,10.7,20,adjacent
l,0,k,436,22,10.7,2,non-adjacent
k,0,l,302,22,10.7,5,non-adjacent
l,1,l,962,24,10.7,19,adjacent
l,1,l,436,24,10.7,15,adjacent
l,1,l,266,24,10.7,8,non-adjacent
k,1,k,231,24,10.7,18,adjacent
k,0,l,469,24,10.7,20,adjacent
l,1,l,467,24,10.7,2,non-adjacent
k,0,l,32,24,10.7,16,adjacent
k,1,k,1790,24,10.7,9,non-adjacent
l,0,k,853,24,10.7,4,non-adjacent
k,0,l,817,24,10.7,12,adjacent
k,1,k,801,24,10.7,14,adjacent
k,1,k,464,24,10.7,1,non-adjacent
k,1,k,485,24,10.7,3,non-adjacent
k,0,l,41,24,10.7,7,non-adjacent
l,0,k,605,24,10.7,17,adjacent
l,0,k,844,24,10.7,10,non-adjacent
l,1,l,425,24,10.7,11,adjacent
l,0,k,488,24,10.7,13,adjacent
k,1,k,500,24,10.7,5,non-adjacent
l,1,l,487,24,10.7,6,non-adjacent
l,0,k,128,26,10.7,10,non-adjacent
l,0,k,27,26,10.7,15,adjacent
k,0,l,3014,26,10.7,20,adjacent
k,1,k,1623,26,10.7,18,adjacent
k,0,l,69,26,10.7,9,non-adjacent
k,1,k,1019,26,10.7,7,non-adjacent
k,0,l,503,26,10.7,3,non-adjacent
k,1,k,346,26,10.7,14,adjacent
l,1,l,234,26,10.7,8,non-adjacent
k,1,k,159,26,10.7,12,adjacent
l,0,k,138,26,10.7,17,adjacent
l,0,k,686,26,10.7,11,adjacent
l,1,l,142,26,10.7,4,non-adjacent
k,0,l,401,26,10.7,5,non-adjacent
l,1,l,124,26,10.7,6,non-adjacent
l,0,k,219,26,10.7,13,adjacent
k,0,l,34,26,10.7,16,adjacent
l,1,l,447,26,10.7,2,non-adjacent
l,0,k,3493,26,10.7,19,adjacent
k,0,l,490,26,10.7,1,non-adjacent
k,0,l,4822,28,10.7,20,adjacent
k,1,k,565,28,10.7,18,adjacent
k,0,l,533,28,10.7,1,non-adjacent
l,0,k,595,28,10.7,15,adjacent
l,1,l,713,28,10.7,4,non-adjacent
k,1,k,324,28,10.7,7,non-adjacent
l,1,l,1455,28,10.7,11,adjacent
l,1,l,2467,28,10.7,2,non-adjacent
l,0,k,390,28,10.7,13,adjacent
l,1,l,839,28,10.7,6,non-adjacent
l,0,k,532,28,10.7,8,non-adjacent
k,0,l,471,28,10.7,14,adjacent
l,0,k,2165,28,10.7,19,adjacent
k,1,k,1642,28,10.7,3,non-adjacent
l,1,l,921,28,10.7,10,non-adjacent
k,0,l,1016,28,10.7,9,non-adjacent
l,0,k,1429,28,10.7,17,adjacent
k,1,k,2290,28,10.7,5,non-adjacent
k,0,l,2564,28,10.7,16,adjacent
k,0,l,715,28,10.7,12,adjacent
k,1,k,6509,30,10.7,1,non-adjacent
k,0,l,3583,30,10.7,16,adjacent
l,0,k,1693,30,10.7,8,non-adjacent
k,0,l,209,30,10.7,7,non-adjacent
l,0,k,882,30,10.7,6,non-adjacent
k,1,k,1897,30,10.7,3,non-adjacent
l,1,l,1134,30,10.7,2,non-adjacent
k,0,l,1083,30,10.7,20,adjacent
l,1,l,1833,30,10.7,11,adjacent
k,1,k,1344,30,10.7,5,non-adjacent
k,0,l,1475,30,10.7,9,non-adjacent
k,1,k,458,30,10.7,18,adjacent
l,0,k,1842,30,10.7,17,adjacent
l,1,l,1001,30,10.7,13,adjacent
k,0,l,2796,30,10.7,12,adjacent
l,1,l,371,30,10.7,15,adjacent
l,1,l,1327,30,10.7,19,adjacent
l,1,l,1339,30,10.7,10,non-adjacent
l,1,l,584,30,10.7,4,non-adjacent
k,0,l,2036,30,10.7,14,adjacent
l,1,l,26955,32,10.7,8,non-adjacent
l,0,k,417,32,10.7,19,adjacent
k,0,l,459,32,10.7,7,non-adjacent
l,0,k,411,32,10.7,10,non-adjacent
k,0,l,6046,32,10.7,16,adjacent
l,1,l,386,32,10.7,17,adjacent
l,1,l,822,32,10.7,6,non-adjacent
k,1,k,94,32,10.7,5,non-adjacent
k,0,l,4125,32,10.7,20,adjacent
k,0,l,1191,32,10.7,1,non-adjacent
k,1,k,481,32,10.7,3,non-adjacent
l,1,l,872,32,10.7,11,adjacent
k,1,k,328,32,10.7,14,adjacent
k,0,l,3830,32,10.7,18,adjacent
l,1,l,340,32,10.7,4,non-adjacent
l,0,k,1520,32,10.7,13,adjacent
l,1,l,606,32,10.7,2,non-adjacent
l,0,k,649,32,10.7,15,adjacent
k,1,k,610,32,10.7,9,non-adjacent
k,0,l,1540,32,10.7,12,adjacent
l,1,l,3124,34,10.7,10,non-adjacent
l,1,l,410,34,10.7,6,non-adjacent
l,1,l,1084,34,10.7,13,adjacent
l,1,l,1565,34,10.7,4,non-adjacent
k,1,k,881,34,10.7,20,adjacent
l,1,l,241,34,10.7,15,adjacent
l,1,l,289,34,10.7,19,adjacent
k,1,k,481,34,10.7,7,non-adjacent
l,1,l,520,34,10.7,17,adjacent
k,0,l,527,34,10.7,1,non-adjacent
k,0,l,245,34,10.7,9,non-adjacent
l,0,k,252,34,10.7,2,non-adjacent
l,0,k,2357,34,10.7,8,non-adjacent
k,1,k,344,34,10.7,18,adjacent
k,1,k,278,34,10.7,3,non-adjacent
l,0,k,287,34,10.7,11,adjacent
k,1,k,271,34,10.7,14,adjacent
k,1,k,231,34,10.7,16,adjacent
k,1,k,425,34,10.7,5,non-adjacent
k,1,k,237,34,10.7,12,adjacent
k,0,l,7699,36,10.7,9,non-adjacent
k,0,l,708,36,10.7,14,adjacent
l,1,l,2907,36,10.7,15,adjacent
l,1,l,1176,36,10.7,10,non-adjacent
k,1,k,85,36,10.7,20,adjacent
k,0,l,1125,36,10.7,16,adjacent
l,0,k,1411,36,10.7,6,non-adjacent
l,1,l,822,36,10.7,19,adjacent
l,1,l,889,36,10.7,2,non-adjacent
l,0,k,250,36,10.7,8,non-adjacent
l,1,l,764,36,10.7,11,adjacent
l,0,k,2729,36,10.7,17,adjacent
k,0,l,3391,36,10.7,5,non-adjacent
k,0,l,425,36,10.7,1,non-adjacent
l,1,l,164,36,10.7,4,non-adjacent
k,1,k,137,36,10.7,12,adjacent
k,1,k,424,36,10.7,18,adjacent
l,1,l,3658,36,10.7,13,adjacent
k,0,l,2480,36,10.7,3,non-adjacent
k,1,k,1103,36,10.7,7,non-adjacent
k,1,k,3753,38,10.7,12,adjacent
l,0,k,497,38,10.7,17,adjacent
k,0,l,617,38,10.7,14,adjacent
k,1,k,458,38,10.7,18,adjacent
l,1,l,218,38,10.7,10,non-adjacent
l,0,k,216,38,10.7,6,non-adjacent
l,1,l,299,38,10.7,11,adjacent
k,1,k,231,38,10.7,7,non-adjacent
l,1,l,440,38,10.7,8,non-adjacent
l,1,l,233,38,10.7,13,adjacent
k,1,k,341,38,10.7,5,non-adjacent
k,0,l,658,38,10.7,9,non-adjacent
l,0,k,83,38,10.7,15,adjacent
l,0,k,372,38,10.7,19,adjacent
k,1,k,73,38,10.7,1,non-adjacent
k,0,l,66,38,10.7,16,adjacent
k,1,k,204,38,10.7,20,adjacent
l,1,l,230,38,10.7,4,non-adjacent
k,0,l,88,38,10.7,3,non-adjacent
l,1,l,17,38,10.7,2,non-adjacent
l,0,k,4924,4,10.7,15,adjacent
l,1,l,1437,4,10.7,19,adjacent
l,0,k,2870,4,10.7,10,non-adjacent
l,0,k,1710,4,10.7,8,non-adjacent
k,1,k,201,4,10.7,20,adjacent
l,0,k,32532,4,10.7,4,non-adjacent
l,1,l,898,4,10.7,11,adjacent
l,1,l,120,4,10.7,6,non-adjacent
k,0,l,4878,4,10.7,14,adjacent
l,1,l,635,4,10.7,2,non-adjacent
k,0,l,506,4,10.7,5,non-adjacent
k,0,l,6188,4,10.7,9,non-adjacent
l,1,l,2640,4,10.7,13,adjacent
k,0,l,944,4,10.7,16,adjacent
l,1,l,7221,4,10.7,17,adjacent
k,0,l,989,4,10.7,18,adjacent
k,0,l,466,4,10.7,3,non-adjacent
k,0,l,27734,4,10.7,1,non-adjacent
k,0,l,1381,4,10.7,7,non-adjacent
k,0,l,668,4,10.7,12,adjacent
k,0,l,815,40,10.7,12,adjacent
k,1,k,689,40,10.7,5,non-adjacent
l,0,k,2670,40,10.7,6,non-adjacent
l,1,l,1322,40,10.7,2,non-adjacent
k,0,l,424,40,10.7,16,adjacent
l,0,k,980,40,10.7,10,non-adjacent
l,1,l,355,40,10.7,17,adjacent
l,1,l,421,40,10.7,15,adjacent
k,1,k,385,40,10.7,18,adjacent
l,0,k,34,40,10.7,8,non-adjacent
k,0,l,760,40,10.7,14,adjacent
l,0,k,858,40,10.7,13,adjacent
k,0,l,343,40,10.7,20,adjacent
l,0,k,310,40,10.7,11,adjacent
k,1,k,707,40,10.7,9,non-adjacent
k,0,l,381,40,10.7,7,non-adjacent
k,1,k,437,40,10.7,3,non-adjacent
k,0,l,719,40,10.7,1,non-adjacent
l,0,k,556,40,10.7,4,non-adjacent
l,1,l,416,40,10.7,19,adjacent
k,1,k,2239,42,10.7,16,adjacent
l,0,k,1245,42,10.7,4,non-adjacent
k,0,l,797,42,10.7,14,adjacent
k,1,k,621,42,10.7,7,non-adjacent
k,1,k,887,42,10.7,9,non-adjacent
k,0,l,285,42,10.7,18,adjacent
l,1,l,243,42,10.7,8,non-adjacent
k,1,k,415,42,10.7,12,adjacent
l,0,k,788,42,10.7,10,non-adjacent
l,0,k,8719,42,10.7,17,adjacent
l,0,k,572,42,10.7,19,adjacent
k,1,k,639,42,10.7,3,non-adjacent
l,1,l,103,42,10.7,6,non-adjacent
k,1,k,743,42,10.7,5,non-adjacent
k,0,l,2180,42,10.7,20,adjacent
l,1,l,2643,42,10.7,13,adjacent
l,0,k,1755,42,10.7,15,adjacent
l,1,l,6395,42,10.7,11,adjacent
k,1,k,683,42,10.7,1,non-adjacent
l,1,l,2897,42,10.7,2,non-adjacent
k,0,l,1322,44,10.7,20,adjacent
k,0,l,1077,44,10.7,16,adjacent
k,1,k,828,44,10.7,9,non-adjacent
l,0,k,847,44,10.7,10,non-adjacent
l,0,k,1639,44,10.7,2,non-adjacent
k,1,k,1559,44,10.7,1,non-adjacent
k,1,k,756,44,10.7,5,non-adjacent
k,0,l,1568,44,10.7,7,non-adjacent
l,0,k,706,44,10.7,4,non-adjacent
l,0,k,1252,44,10.7,19,adjacent
k,0,l,1986,44,10.7,12,adjacent
l,0,k,736,44,10.7,13,adjacent
l,1,l,442,44,10.7,6,non-adjacent
l,1,l,853,44,10.7,11,adjacent
l,0,k,227,44,10.7,8,non-adjacent
k,1,k,2292,44,10.7,3,non-adjacent
k,0,l,813,44,10.7,14,adjacent
l,0,k,1130,44,10.7,15,adjacent
l,1,l,145,44,10.7,17,adjacent
k,1,k,2897,44,10.7,18,adjacent
k,0,l,4008,46,10.7,18,adjacent
l,0,k,2029,46,10.7,19,adjacent
k,0,l,5715,46,10.7,20,adjacent
l,1,l,979,46,10.7,10,non-adjacent
l,0,k,646,46,10.7,11,adjacent
l,0,k,3998,46,10.7,8,non-adjacent
k,1,k,350,46,10.7,16,adjacent
l,1,l,568,46,10.7,13,adjacent
k,1,k,363,46,10.7,14,adjacent
k,1,k,485,46,10.7,3,non-adjacent
k,0,l,747,46,10.7,12,adjacent
l,1,l,511,46,10.7,4,non-adjacent
l,0,k,469,46,10.7,17,adjacent
k,1,k,387,46,10.7,5,non-adjacent
k,1,k,304,46,10.7,1,non-adjacent
k,0,l,397,46,10.7,9,non-adjacent
l,1,l,374,46,10.7,15,adjacent
l,1,l,513,46,10.7,6,non-adjacent
l,1,l,5646,46,10.7,2,non-adjacent
k,0,l,1464,46,10.7,7,non-adjacent
k,1,k,1804,48,10.7,20,adjacent
l,0,k,1347,48,10.7,13,adjacent
l,1,l,421,48,10.7,8,non-adjacent
k,1,k,436,48,10.7,1,non-adjacent
l,0,k,620,48,10.7,10,non-adjacent
k,1,k,1885,48,10.7,16,adjacent
l,0,k,1681,48,10.7,15,adjacent
l,0,k,461,48,10.7,6,non-adjacent
k,1,k,1300,48,10.7,9,non-adjacent
l,0,k,264,48,10.7,19,adjacent
l,1,l,270,48,10.7,4,non-adjacent
l,1,l,1612,48,10.7,11,adjacent
k,1,k,300,48,10.7,12,adjacent
k,1,k,577,48,10.7,14,adjacent
l,0,k,475,48,10.7,2,non-adjacent
k,1,k,1962,48,10.7,5,non-adjacent
k,1,k,594,48,10.7,7,non-adjacent
k,1,k,228,48,10.7,18,adjacent
l,1,l,491,48,10.7,17,adjacent
k,0,l,1288,48,10.7,3,non-adjacent
k,0,l,343,50,10.7,9,non-adjacent
l,0,k,385,50,10.7,15,adjacent
l,1,l,300,50,10.7,6,non-adjacent
k,1,k,613,50,10.7,3,non-adjacent
k,1,k,493,50,10.7,16,adjacent
l,1,l,544,50,10.7,13,adjacent
k,0,l,291,50,10.7,12,adjacent
k,1,k,216,50,10.7,14,adjacent
k,1,k,305,50,10.7,18,adjacent
k,1,k,1082,50,10.7,1,non-adjacent
l,1,l,275,50,10.7,17,adjacent
k,1,k,343,50,10.7,20,adjacent
l,1,l,1098,50,10.7,19,adjacent
l,0,k,287,50,10.7,2,non-adjacent
l,0,k,291,50,10.7,8,non-adjacent
k,1,k,350,50,10.7,7,non-adjacent
l,1,l,698,50,10.7,10,non-adjacent
k,1,k,255,50,10.7,5,non-adjacent
l,0,k,309,50,10.7,4,non-adjacent
l,1,l,297,50,10.7,11,adjacent
l,1,l,7562,6,10.7,17,adjacent
k,0,l,861,6,10.7,12,adjacent
l,1,l,1174,6,10.7,11,adjacent
k,0,l,328,6,10.7,18,adjacent
k,0,l,569,6,10.7,16,adjacent
l,1,l,359,6,10.7,19,adjacent
l,1,l,643,6,10.7,8,non-adjacent
k,0,l,325,6,10.7,7,non-adjacent
k,0,l,693,6,10.7,3,non-adjacent
l,1,l,284,6,10.7,6,non-adjacent
k,0,l,334,6,10.7,20,adjacent
l,1,l,503,6,10.7,13,adjacent
k,0,l,962,6,10.7,1,non-adjacent
l,1,l,643,6,10.7,4,non-adjacent
l,1,l,276,6,10.7,15,adjacent
k,0,l,549,6,10.7,14,adjacent
l,1,l,393,6,10.7,10,non-adjacent
k,0,l,707,6,10.7,9,non-adjacent
l,1,l,389,6,10.7,2,non-adjacent
k,0,l,736,6,10.7,5,non-adjacent
k,0,l,3512,8,10.7,5,non-adjacent
l,1,l,4755,8,10.7,13,adjacent
l,1,l,1323,8,10.7,8,non-adjacent
k,1,k,342,8,10.7,20,adjacent
l,1,l,947,8,10.7,17,adjacent
k,1,k,447,8,10.7,18,adjacent
l,0,k,695,8,10.7,11,adjacent
k,1,k,501,8,10.7,3,non-adjacent
l,0,k,419,8,10.7,6,non-adjacent
k,1,k,437,8,10.7,1,non-adjacent
k,0,l,302,8,10.7,14,adjacent
l,1,l,269,8,10.7,10,non-adjacent
l,1,l,278,8,10.7,2,non-adjacent
k,0,l,476,8,10.7,7,non-adjacent
k,1,k,316,8,10.7,16,adjacent
k,1,k,290,8,10.7,9,non-adjacent
k,1,k,280,8,10.7,12,adjacent
l,0,k,511,8,10.7,4,non-adjacent
l,1,l,907,8,10.7,19,adjacent
l,0,k,359,8,10.7,15,adjacent
l,0,k,201,51,10.3,5,non-adjacent
l,0,k,316,51,10.3,9,non-adjacent
l,0,k,123,51,10.3,16,adjacent
l,0,k,6281,51,10.3,14,adjacent
l,0,k,117,51,10.3,7,non-adjacent
l,0,k,17,51,10.3,20,adjacent
k,1,k,222,51,10.3,15,adjacent
l,0,k,1882,51,10.3,18,adjacent
k,1,k,38,51,10.3,19,adjacent
k,1,k,1778,51,10.3,2,non-adjacent
k,1,k,329,51,10.3,11,adjacent
l,0,k,146,51,10.3,1,non-adjacent
k,1,k,2612,51,10.3,17,adjacent
k,1,k,2199,51,10.3,6,non-adjacent
l,0,k,505,51,10.3,12,adjacent
k,1,k,1404,51,10.3,8,non-adjacent
k,1,k,912,51,10.3,13,adjacent
k,1,k,54,51,10.3,10,non-adjacent
l,0,k,2586,51,10.3,3,non-adjacent
k,1,k,1102,51,10.3,4,non-adjacent
k,1,k,3921,53,10.3,17,adjacent
l,0,k,758,53,10.3,14,adjacent
l,0,k,531,53,10.3,5,non-adjacent
l,0,k,2277,53,10.3,18,adjacent
k,1,k,428,53,10.3,13,adjacent
k,1,k,445,53,10.3,8,non-adjacent
l,0,k,480,53,10.3,3,non-adjacent
k,1,k,343,53,10.3,19,adjacent
l,0,k,377,53,10.3,9,non-adjacent
k,1,k,60,53,10.3,6,non-adjacent
k,1,k,379,53,10.3,2,non-adjacent
k,1,k,93,53,10.3,11,adjacent
l,0,k,278,53,10.3,20,adjacent
l,0,k,349,53,10.3,1,non-adjacent
l,0,k,106,53,10.3,7,non-adjacent
k,1,k,2008,53,10.3,15,adjacent
k,1,k,1210,53,10.3,4,non-adjacent
k,1,k,265,53,10.3,10,non-adjacent
l,0,k,217,53,10.3,12,adjacent
l,0,k,874,53,10.3,16,adjacent
l,1,l,4199,55,10.3,16,adjacent
l,1,l,1953,55,10.3,9,non-adjacent
k,1,k,609,55,10.3,15,adjacent
k,1,k,515,55,10.3,19,adjacent
k,0,l,853,55,10.3,17,adjacent
k,0,l,545,55,10.3,4,non-adjacent
l,0,k,629,55,10.3,18,adjacent
l,1,l,504,55,10.3,1,non-adjacent
l,1,l,387,55,10.3,12,adjacent
k,1,k,337,55,10.3,13,adjacent
k,1,k,437,55,10.3,8,non-adjacent
k,0,l,440,55,10.3,6,non-adjacent
l,0,k,363,55,10.3,3,non-adjacent
k,1,k,281,55,10.3,11,adjacent
k,1,k,233,55,10.3,2,non-adjacent
k,0,l,318,55,10.3,10,non-adjacent
l,1,l,307,55,10.3,5,non-adjacent
l,0,k,243,55,10.3,7,non-adjacent
l,0,k,31,55,10.3,20,adjacent
l,0,k,221,55,10.3,14,adjacent
l,1,l,3038,57,10.3,16,adjacent
l,1,l,869,57,10.3,5,non-adjacent
l,1,l,1899,57,10.3,20,adjacent
k,0,l,1964,57,10.3,8,non-adjacent
k,0,l,1855,57,10.3,2,non-adjacent
l,1,l,1079,57,10.3,12,adjacent
k,0,l,1952,57,10.3,17,adjacent
k,0,l,2195,57,10.3,10,non-adjacent
k,0,l,2280,57,10.3,13,adjacent
l,1,l,943,57,10.3,1,non-adjacent
l,0,k,1358,57,10.3,3,non-adjacent
l,1,l,3128,57,10.3,9,non-adjacent
k,0,l,4439,57,10.3,15,adjacent
k,0,l,1056,57,10.3,19,adjacent
k,0,l,1165,57,10.3,11,adjacent
k,0,l,1310,57,10.3,6,non-adjacent
l,0,k,753,57,10.3,14,adjacent
l,1,l,389,57,10.3,18,adjacent
k,1,k,1360,57,10.3,4,non-adjacent
l,1,l,602,57,10.3,7,non-adjacent
l,0,k,1661,59,10.3,16,adjacent
k,1,k,3130,59,10.3,19,adjacent
l,0,k,868,59,10.3,14,adjacent
l,1,l,407,59,10.3,3,non-adjacent
k,1,k,822,59,10.3,15,adjacent
l,1,l,742,59,10.3,1,non-adjacent
k,1,k,577,59,10.3,4,non-adjacent
k,1,k,475,59,10.3,6,non-adjacent
k,1,k,484,59,10.3,8,non-adjacent
l,1,l,467,59,10.3,9,non-adjacent
k,1,k,481,59,10.3,17,adjacent
k,0,l,453,59,10.3,11,adjacent
l,0,k,930,59,10.3,12,adjacent
l,1,l,482,59,10.3,5,non-adjacent
l,0,k,550,59,10.3,20,adjacent
k,1,k,548,59,10.3,2,non-adjacent
l,1,l,494,59,10.3,18,adjacent
l,0,k,1084,59,10.3,7,non-adjacent
k,1,k,499,59,10.3,13,adjacent
k,1,k,751,59,10.3,10,non-adjacent
l,1,l,3053,61,10.3,14,adjacent
l,0,k,212,61,10.3,12,adjacent
l,0,k,263,61,10.3,1,non-adjacent
k,0,l,1955,61,10.3,15,adjacent
l,0,k,462,61,10.3,3,non-adjacent
k,1,k,457,61,10.3,17,adjacent
l,1,l,1159,61,10.3,5,non-adjacent
l,0,k,1253,61,10.3,7,non-adjacent
k,0,l,2100,61,10.3,11,adjacent
k,1,k,845,61,10.3,19,adjacent
l,0,k,1969,61,10.3,20,adjacent
k,1,k,559,61,10.3,8,non-adjacent
k,0,l,835,61,10.3,10,non-adjacent
k,1,k,1030,61,10.3,13,adjacent
l,1,l,538,61,10.3,18,adjacent
k,1,k,802,61,10.3,2,non-adjacent
k,1,k,914,61,10.3,4,non-adjacent
k,1,k,417,61,10.3,6,non-adjacent
l,0,k,329,61,10.3,9,non-adjacent
l,0,k,582,61,10.3,16,adjacent
k,1,k,941,63,10.3,10,non-adjacent
l,1,l,1954,63,10.3,7,non-adjacent
k,1,k,592,63,10.3,8,non-adjacent
k,0,l,1399,63,10.3,19,adjacent
l,1,l,3077,63,10.3,9,non-adjacent
k,1,k,731,63,10.3,15,adjacent
l,1,l,3698,63,10.3,16,adjacent
k,1,k,1757,63,10.3,13,adjacent
l,0,k,304,63,10.3,14,adjacent
k,0,l,1561,63,10.3,17,adjacent
l,1,l,2141,63,10.3,18,adjacent
l,0,k,420,63,10.3,5,non-adjacent
l,0,k,203,63,10.3,3,non-adjacent
l,1,l,70,63,10.3,1,non-adjacent
k,1,k,2006,63,10.3,6,non-adjacent
l,0,k,181,63,10.3,12,adjacent
l,0,k,470,63,10.3,20,adjacent
k,1,k,310,63,10.3,11,adjacent
k,1,k,211,63,10.3,4,non-adjacent
k,0,l,606,63,10.3,2,non-adjacent
l,0,k,2755,65,10.3,14,adjacent
l,1,l,4926,65,10.3,9,non-adjacent
k,1,k,1971,65,10.3,19,adjacent
l,0,k,465,65,10.3,5,non-adjacent
l,0,k,1146,65,10.3,7,non-adjacent
k,0,l,1000,65,10.3,10,non-adjacent
l,0,k,1027,65,10.3,20,adjacent
l,0,k,688,65,10.3,18,adjacent
k,0,l,679,65,10.3,4,non-adjacent
k,0,l,350,65,10.3,6,non-adjacent
l,1,l,2388,65,10.3,16,adjacent
k,0,l,714,65,10.3,8,non-adjacent
l,1,l,1035,65,10.3,12,adjacent
k,1,k,218,65,10.3,17,adjacent
k,0,l,2098,65,10.3,13,adjacent
l,1,l,2120,65,10.3,3,non-adjacent
l,1,l,1086,65,10.3,1,non-adjacent
k,0,l,1016,65,10.3,15,adjacent
k,1,k,2850,65,10.3,11,adjacent
k,1,k,13,65,10.3,2,non-adjacent
k,1,k,4744,67,10.3,6,non-adjacent
l,0,k,666,67,10.3,12,adjacent
k,0,l,1277,67,10.3,17,adjacent
l,0,k,2189,67,10.3,5,non-adjacent
l,0,k,6043,67,10.3,3,non-adjacent
k,0,l,564,67,10.3,10,non-adjacent
l,1,l,1029,67,10.3,1,non-adjacent
l,0,k,905,67,10.3,20,adjacent
l,0,k,746,67,10.3,16,adjacent
k,1,k,285,67,10.3,13,adjacent
l,1,l,328,67,10.3,7,non-adjacent
k,1,k,2362,67,10.3,11,adjacent
l,0,k,1902,67,10.3,9,non-adjacent
k,0,l,1151,67,10.3,4,non-adjacent
k,1,k,603,67,10.3,8,non-adjacent
k,1,k,1565,67,10.3,15,adjacent
k,0,l,718,67,10.3,2,non-adjacent
l,0,k,815,67,10.3,14,adjacent
k,0,l,530,67,10.3,19,adjacent
l,0,k,2828,67,10.3,18,adjacent
l,0,k,2813,69,10.3,7,non-adjacent
l,0,k,602,69,10.3,12,adjacent
k,1,k,4016,69,10.3,11,adjacent
k,1,k,659,69,10.3,6,non-adjacent
l,0,k,748,69,10.3,14,adjacent
l,0,k,563,69,10.3,1,non-adjacent
l,0,k,539,69,10.3,20,adjacent
l,0,k,688,69,10.3,3,non-adjacent
k,1,k,521,69,10.3,2,non-adjacent
k,1,k,809,69,10.3,13,adjacent
k,1,k,873,69,10.3,8,non-adjacent
k,1,k,660,69,10.3,4,non-adjacent
k,1,k,3287,69,10.3,17,adjacent
l,0,k,602,69,10.3,9,non-adjacent
l,0,k,615,69,10.3,16,adjacent
k,1,k,915,69,10.3,10,non-adjacent
l,0,k,847,69,10.3,18,adjacent
k,0,l,1157,69,10.3,15,adjacent
k,0,l,1237,69,10.3,19,adjacent
l,1,l,483,69,10.3,5,non-adjacent
l,1,l,3478,52,10.7,11,adjacent
k,0,l,5383,52,10.7,18,adjacent
k,1,k,4970,52,10.7,9,non-adjacent
k,1,k,1001,52,10.7,5,non-adjacent
k,1,k,1552,52,10.7,14,adjacent
k,1,k,591,52,10.7,12,adjacent
l,1,l,4953,52,10.7,6,non-adjacent
l,0,k,171,52,10.7,13,adjacent
l,0,k,870,52,10.7,10,non-adjacent
k,1,k,3264,52,10.7,7,non-adjacent
l,0,k,1411,52,10.7,15,adjacent
l,0,k,1155,52,10.7,8,non-adjacent
l,1,l,890,52,10.7,2,non-adjacent
k,1,k,6078,52,10.7,20,adjacent
k,1,k,3273,52,10.7,16,adjacent
k,1,k,3641,52,10.7,3,non-adjacent
l,1,l,1317,52,10.7,4,non-adjacent
l,0,k,717,52,10.7,17,adjacent
k,1,k,1105,52,10.7,1,non-adjacent
l,0,k,1044,52,10.7,19,adjacent
k,1,k,687,54,10.7,9,non-adjacent
k,1,k,512,54,10.7,5,non-adjacent
k,1,k,1621,54,10.7,7,non-adjacent
k,1,k,391,54,10.7,14,adjacent
l,0,k,1033,54,10.7,4,non-adjacent
k,1,k,652,54,10.7,12,adjacent
k,1,k,527,54,10.7,20,adjacent
l,0,k,439,54,10.7,2,non-adjacent
l,0,k,475,54,10.7,10,non-adjacent
l,0,k,337,54,10.7,6,non-adjacent
l,0,k,372,54,10.7,13,adjacent
k,1,k,508,54,10.7,1,non-adjacent
l,0,k,425,54,10.7,19,adjacent
l,0,k,539,54,10.7,8,non-adjacent
l,0,k,340,54,10.7,15,adjacent
k,1,k,510,54,10.7,3,non-adjacent
l,0,k,383,54,10.7,11,adjacent
k,1,k,394,54,10.7,18,adjacent
l,0,k,420,54,10.7,17,adjacent
k,1,k,350,54,10.7,16,adjacent
l,1,l,3266,56,10.7,8,non-adjacent
l,1,l,1122,56,10.7,2,non-adjacent
k,1,k,4307,56,10.7,12,adjacent
l,1,l,4029,56,10.7,19,adjacent
k,1,k,1538,56,10.7,7,non-adjacent
l,0,k,2462,56,10.7,6,non-adjacent
k,0,l,382,56,10.7,9,non-adjacent
k,1,k,611,56,10.7,3,non-adjacent
k,0,l,553,56,10.7,5,non-adjacent
k,1,k,2510,56,10.7,18,adjacent
l,1,l,607,56,10.7,13,adjacent
l,1,l,2971,56,10.7,4,non-adjacent
k,0,l,1526,56,10.7,16,adjacent
l,1,l,365,56,10.7,10,non-adjacent
l,1,l,493,56,10.7,17,adjacent
l,0,k,996,56,10.7,11,adjacent
l,1,l,474,56,10.7,15,adjacent
k,1,k,242,56,10.7,1,non-adjacent
k,1,k,1743,56,10.7,14,adjacent
k,0,l,1872,56,10.7,20,adjacent
k,0,l,2032,58,10.7,12,adjacent
k,0,l,1745,58,10.7,14,adjacent
k,0,l,1307,58,10.7,18,adjacent
l,1,l,7320,58,10.7,19,adjacent
k,0,l,660,58,10.7,16,adjacent
l,1,l,1656,58,10.7,2,non-adjacent
k,0,l,11167,58,10.7,20,adjacent
l,1,l,1780,58,10.7,4,non-adjacent
l,1,l,524,58,10.7,8,non-adjacent
l,1,l,566,58,10.7,17,adjacent
k,0,l,1544,58,10.7,3,non-adjacent
l,1,l,3498,58,10.7,11,adjacent
k,0,l,2828,58,10.7,9,non-adjacent
k,0,l,1564,58,10.7,1,non-adjacent
l,1,l,537,58,10.7,13,adjacent
l,1,l,1628,58,10.7,15,adjacent
k,0,l,1330,58,10.7,5,non-adjacent
l,1,l,921,58,10.7,10,non-adjacent
k,0,l,3093,58,10.7,7,non-adjacent
l,1,l,1116,58,10.7,6,non-adjacent
k,1,k,174,60,10.7,12,adjacent
k,0,l,2060,60,10.7,5,non-adjacent
l,0,k,1330,60,10.7,11,adjacent
l,0,k,818,60,10.7,8,non-adjacent
l,0,k,2554,60,10.7,4,non-adjacent
l,1,l,1129,60,10.7,15,adjacent
k,1,k,329,60,10.7,14,adjacent
k,1,k,397,60,10.7,7,non-adjacent
k,0,l,666,60,10.7,18,adjacent
l,1,l,1300,60,10.7,13,adjacent
l,0,k,501,60,10.7,17,adjacent
k,0,l,165,60,10.7,3,non-adjacent
k,1,k,1281,60,10.7,1,non-adjacent
k,1,k,413,60,10.7,20,adjacent
l,0,k,788,60,10.7,19,adjacent
l,1,l,692,60,10.7,2,non-adjacent
l,1,l,1807,60,10.7,6,non-adjacent
k,0,l,1524,60,10.7,9,non-adjacent
k,1,k,336,60,10.7,16,adjacent
l,0,k,479,60,10.7,10,non-adjacent
k,0,l,7720,62,10.7,14,adjacent
l,1,l,304,62,10.7,4,non-adjacent
k,0,l,965,62,10.7,16,adjacent
l,1,l,148,62,10.7,2,non-adjacent
l,1,l,1122,62,10.7,8,non-adjacent
k,0,l,665,62,10.7,7,non-adjacent
l,1,l,871,62,10.7,15,adjacent
l,1,l,1004,62,10.7,17,adjacent
k,0,l,124,62,10.7,3,non-adjacent
k,0,l,138,62,10.7,12,adjacent
k,0,l,115,62,10.7,18,adjacent
l,1,l,748,62,10.7,10,non-adjacent
k,0,l,545,62,10.7,20,adjacent
k,1,k,4235,62,10.7,9,non-adjacent
l,1,l,823,62,10.7,6,non-adjacent
l,1,l,826,62,10.7,11,adjacent
k,0,l,2941,62,10.7,1,non-adjacent
l,1,l,75,62,10.7,19,adjacent
l,1,l,749,62,10.7,13,adjacent
k,0,l,991,62,10.7,5,non-adjacent
l,0,k,1845,64,10.7,4,non-adjacent
l,1,l,612,64,10.7,8,non-adjacent
l,0,k,690,64,10.7,6,non-adjacent
k,0,l,2630,64,10.7,16,adjacent
k,1,k,568,64,10.7,14,adjacent
k,0,l,3133,64,10.7,5,non-adjacent
k,1,k,1957,64,10.7,12,adjacent
l,1,l,1633,64,10.7,15,adjacent
k,1,k,573,64,10.7,20,adjacent
k,0,l,239,64,10.7,7,non-adjacent
k,0,l,226,64,10.7,3,non-adjacent
l,0,k,1780,64,10.7,11,adjacent
k,0,l,471,64,10.7,9,non-adjacent
l,0,k,336,64,10.7,17,adjacent
l,1,l,518,64,10.7,10,non-adjacent
k,0,l,520,64,10.7,18,adjacent
l,1,l,306,64,10.7,19,adjacent
l,1,l,277,64,10.7,2,non-adjacent
l,0,k,273,64,10.7,13,adjacent
k,1,k,656,64,10.7,1,non-adjacent
k,1,k,726,66,10.7,12,adjacent
l,1,l,558,66,10.7,17,adjacent
l,1,l,461,66,10.7,13,adjacent
l,1,l,487,66,10.7,2,non-adjacent
k,0,l,460,66,10.7,9,non-adjacent
k,1,k,534,66,10.7,7,non-adjacent
l,1,l,363,66,10.7,6,non-adjacent
l,1,l,918,66,10.7,10,non-adjacent
l,0,k,436,66,10.7,15,adjacent
l,1,l,2110,66,10.7,19,adjacent
k,0,l,650,66,10.7,18,adjacent
l,0,k,602,66,10.7,11,adjacent
k,0,l,511,66,10.7,14,adjacent
k,1,k,401,66,10.7,1,non-adjacent
k,1,k,557,66,10.7,5,non-adjacent
k,1,k,1799,66,10.7,16,adjacent
k,0,l,494,66,10.7,20,adjacent
l,0,k,674,66,10.7,8,non-adjacent
k,1,k,554,66,10.7,3,non-adjacent
l,0,k,698,66,10.7,4,non-adjacent
k,1,k,59,68,10.7,16,adjacent
k,1,k,3799,68,10.7,12,adjacent
l,0,k,687,68,10.7,4,non-adjacent
l,0,k,668,68,10.7,15,adjacent
k,1,k,1125,68,10.7,9,non-adjacent
k,1,k,1508,68,10.7,18,adjacent
l,0,k,1168,68,10.7,10,non-adjacent
l,1,l,1228,68,10.7,17,adjacent
k,0,l,593,68,10.7,7,non-adjacent
l,0,k,83,68,10.7,8,non-adjacent
l,0,k,997,68,10.7,6,non-adjacent
k,1,k,3571,68,10.7,20,adjacent
k,0,l,798,68,10.7,1,non-adjacent
l,1,l,1081,68,10.7,11,adjacent
l,0,k,565,68,10.7,2,non-adjacent
k,1,k,1189,68,10.7,3,non-adjacent
k,1,k,1074,68,10.7,5,non-adjacent
k,0,l,941,68,10.7,14,adjacent
l,0,k,730,68,10.7,19,adjacent
l,1,l,789,68,10.7,13,adjacent
l,1,l,1956,70,10.7,13,adjacent
k,1,k,1114,70,10.7,3,non-adjacent
k,1,k,973,70,10.7,7,non-adjacent
l,0,k,950,70,10.7,2,non-adjacent
l,0,k,129,70,10.7,6,non-adjacent
k,0,l,678,70,10.7,5,non-adjacent
l,0,k,719,70,10.7,4,non-adjacent
l,0,k,676,70,10.7,15,adjacent
k,1,k,691,70,10.7,1,non-adjacent
k,0,l,973,70,10.7,14,adjacent
k,0,l,765,70,10.7,18,adjacent
l,1,l,820,70,10.7,17,adjacent
l,0,k,578,70,10.7,11,adjacent
k,0,l,722,70,10.7,9,non-adjacent
l,0,k,128,70,10.7,10,non-adjacent
l,0,k,765,70,10.7,8,non-adjacent
k,1,k,1910,70,10.7,20,adjacent
k,1,k,19,70,10.7,12,adjacent
k,0,l,1491,70,10.7,16,adjacent
l,0,k,557,70,10.7,19,adjacent
